,comment_text,toxic
38,  balance  This page has one sentence about the basic definition of the word and a huge amount about the slangprofane uses Perhaps the former should be extended is there no information about female dogs available beyond their name This is an encyclopaedia not a dictionary     i feel that whoever is looking this definition up is very appropiate and should be deleted from wikipediaIMMEDIATLY this word is used very often and is also a very mean word i belive that is majorly true very much so okay so the good meaning is a female dog  BITCH It also stands for the name Brittany Fellowsâ€”Preceding unsigned comment added by   â€¢     etymology  The word bitch is from the Old Norse Bikkjuna meaning female of the dog of unknown origin Grimm derives the Old Norse words from Lapp Pittja But OED notes that the converse is equally possible  The adj Bitchy was first seen in 1925   The verb meaning to complain in 1930  Slang Bitchen good is attested to the 1950s   reclaiming the word bitch   The word bitch is actually only offencive in American and Canadian English In most other English variants bitch maintains its correct definition  female canine People have argued that bitch is different because it is used as an insult  but so is pig dog cow and others These are not considered profane so why is bitch As far as I am concerned there is nothing to reclaim as bitch simply means a female canine  It may be used as a pejorative or descriptor  that does not make it a profanity      It should definately say something about Kyle Vanderweilen and all his bitchin Is there any particular evidence of women reclaiming the word bitch in the 90s Can anyone point to articles on this etc The song is definitely interesting and belongs here but doesnt actually reclaim the word bitch any more than it reclaims the word sinner  Also I dont really understand the last paragraph and it sucks  I was going to try and clear it up but I realized I dont know what it means Can someone point to a source that lays out the argument about bitches fertility and patriarchy more clearly   We dont need articles at all as I there are definitely enough examples even outside of the 90s Missy Elliot cleary and repeatedly reclaims the word for instance Shes a Bitch    References are fine  just the name Missy Elliot got me to find a quote of a rolling stone review that mentioned reclaiming the word In fact if some one knows more about her it might be interesting to add a section on her work and on how it relates to womenslurs more generally within hiphop    How relevant is this reclamation It seems to me poison for a woman to use an epithet which still strongly connotes despised traits I dont see how using a word connoting querolous spiteful and malicious can be empowering But I dont know lifes a bitch    It stems from a reaction to the prevalence of tagging any woman who doesnt adhere to a certain standard of femininity as a bitch To use a literary example in the novel The Handmaids Tale the narrator related the feeling that whenever she outsmarted a man she could almost hear him calling her a bitch in his mind even her own husband     That literary reaction you recited is jealousy men have names for other men who outsmart them too but not having a word like bitch for them they have to resort to a greater variety of pejoritive epithets Though you havent been specific I think that standard of femininity you referred to is a pretext for subordination which both sexes often strive to impose on the other but men have traditionally had more power Because it is such a popular epithet in slang the connotations of bitch are diffuse though still commonly pernicious I think bitch in itself is not chiefly a denunciation to punish women who do not conform to that standard but rather a contemptuous word often used for it  However I still dont see the point of reclamati,no
252, Bitch Creek Cow Camp Idaho   Hey Just a heads up I looked into this one and indeed there is a place named Bitch Creek Cow Camp Wanted to let you know that the folks in Idaho need not worry,no
996, Lyor Cohen   If you try and take out my sourced links again tell your hebe faggot benefactor whos paying you to make his vanitybio squeaky clean Ill put in a section    Controversy  The TVT Lawsuit  The FBI investigation into his participation in money laundering with Irv Gotti Ja Rule and Murder Inc  Kthxbye Factotum bitch,no
1242,To cut a Bitch,yes
2092,   Most improved    stylebackgroundcolor fdffe7 border 1px solid fceb92  rowspan2 styleverticalalign middle padding 5px    stylefontsize xlarge padding 3px 3px 0 3px height 15em  bitch    styleverticalalign middle padding 3px  congrats     ,no
2599,and bitch about me or my edits,yes
2956,If allowed please upload Lil Kims remix the opening line where she interpolated Its Britney bitchand Lil Kim Kimme Kimme More  ,no
6970,Votes for deletion  Per the consensus at WikipediaVotes for deletionElizabeth Davis this article has been merged to 7 Year Bitch,no
7146,   Trouted     Whack  You have been trouted for THIS BITCH IS TRYING TO BAN ME,yes
7669, Context   I wasnt using bitch obscenely It was vandalism I cleared up  bitch was an incidental double entendre If you look back to my edit Bordello Bitch and the one previous comparing the two I have replaced Bitch with Ann after some research I asked for  simple corroboration on the talk page bitch take a joke,yes
7754,Its been a couple of days now we need to reach some kind of agreement what good does not moving it do The absolute worst itll do is someone searching for insult will type in Bitch and theyll be redirected to the disambiguation and then theyll learn to now write insult please anyone opposing the move who no longer agrees with opposing reverse your comment to Support if you do not know how or want to reverse it but dont feel like physically doing it Contact me by clicking here and leave me a message saying youd like to reverse Thank You     ,no
8290,You should suck a hairy cock you judge mental bitch,yes
8532,   Nicknames   Since pig is mentioned why not black bitch its other unflattering nickname Im sure there are sources out there for it  ,yes
8898,Are you people on a group delusion I never editted any of the pages youre talking about Are you people on drugs  SkankBitch,yes
10138, BITCH   SHE IS A FAGG AND I WILL RAPE HER ,yes
10348, ReDYKsuggestion format   Hi Politizer just wondering about the output of your DYKsuggestion template  I notice for example that for the Zhao Zongru hook the template is outputting the following     creator            Nlu    creator2               creator3               creator4               expander               expander2              expander3              nominator              comment                image                  credits               DYKmakeZhao ZongruNlu  I cant really see the point in all this Once DYKsuggestion has outputted the credit string ie DYKmakeZhao ZongruNlu why do we need all the rest It seems redundant and it takes up a lot of space Also we are experiencing increasing problems with loading times for the page so the less text the better  One other thing Ive noticed your code outputs this whole DYKsuggestion thing in brackets  Is there a reason for that I cant see why they are needed     I agree with you that now that we have the credit templates created theres not a whole lot of reason to output the rest  I know Suntag for example likes having all of that output because he says it makes it easier to see whos who and easier to modify things if you need to ie if the nominator forgot to credit someone or if you want to add an image or something I agree with that to a point but if the size is beginning to create page load problems then we should at least find a happy medium I guess  My dream has been to get the DYKsug template working in such a way that it calls  but only with the parameters that the person actually filled inso the output for Nlus nom above would be more like    creator            Nlu    credits               DYKmakeZhao ZongruNlu  Ive been having a bitch of a time getting that to work it looks like it should be a simple matter of putting in some if expressions but I havent had any luck yet I asked Ameliorate to look into it a while back but I think he was away at the time so I might try nudging himher again or getting in touch with Lifebaka who has also helped out with the template  As for why the code outputs DYKsuggestion in bracketswell it gets a little confusing even for me because I didnt create the template topdown like I should have but put things together piece by piece making changes when a problem came up etc so right now its thrown together a bit randomly  But basically substing the  template made the output really uglywhat you see on the page looks beautiful but what you see in the edit window is horrible see here for an example  So part of the reason the DYKsuggestion stuff is generated in templates is because that template is always transcluded rather than substed when its first called  On the other hand DYKsug the template on the outside that calls it is always substedthe main reason for this is because if a template is transcluded the section edit link it creates on the righthand side of the page would cause you to be editing the template itself rather than the section on TTDYKso we needed the outside template to be substed to create a working section edit link as well as a few little thingsâ€”the credits templates and a timestamp that stays the same as it was when you first made the nom as well as an inside template that would never be substed because the code it would produce is horrible  Anyway I agree with you that something needs to be doneespecially if the template is starting to affect load times  Personally I think the best thing for now is to get  to only output the fields that the nominator actually filled in if you think thats a good idea I can start asking around for some help unfortunately I will be traveling and visiting friends for the next two weeks or so starting today so I might not have a good chance to devote a couple hours to template work  If you dont think thats good enough we can go back to the drawing board and see what else can be done  As a supertemporary fix I can go into TTDYK now and delete some of the extra unused text manually just to get the loadtimes back to normal for a couple days â€”Â ,no
10832, Sam   Oh I hate Sam she is a big bitch I wanna poke her in the eye and something I forgot the words Someday I shall upload the MP3 of Hazel singing Its really quite beautiful,yes
11957,Pussy Stop bitching about Wikipidea trolls No life,yes
11959,  It WAS the same guy he came back and made remarks to me on my talk page BTW hes wrong I never had anything deleted everything Ive ever done is in the history I dont know why he has to always find someone to bother but it appears he does   I was thinking Nishkid and another admin had already taken care of him before I saw he found a way to sneak back in and was back and bothering someone else He has been a huge problem and has been reported by many people He has also been blocked by trusilver and AlexiusHoratius and maybe more I hope he can be stopped forever somehow Mods have expressed concern that a wide rangeblock would be unfair to others in his region with his ISP but I say thats all hypothetical because we dont know if any of them will try to edit and if they had problems they could contact the staff for help This guy is so bad Id vote for just blocking his whole range He is a terrorist      Since you have chosen to make it a war of words with the other guy Ive decided that Ive wasted my time trying to find the middle ground here Im not saying you two have to stop your bitchfest I am simply saying you cant continue it here Aggie I told you to file an RfCU and you completely ignored me I told you to sit quietly and await the conclusion of that checkuser and you ignored that too Wasting my time comes with a cost In the real world In the RW it would likely be something far more unpleasant here it is simply being ignored as a troll Good day to both of you Psst  it means Go peddle your drama elsewhere Ive had my full here     ,no
12179,Okay nobody is helping me with reformatting my article so Im going to bitch up and do it myself over the next two weeks,no
12991,I went to high school bitch  I do think that should be mentioned somehow in the article because its something that has spread to nearly EVERY school on facebook,yes
13208, bitch   vgdfut tey                           fsddfsssssssssssssssssdtrdttttttttttttttttttttttttttttttttttttttttttttttttttttttttttttttttttttttttttttttttttttttttttttttttttttttttttttttttttttttttttttttttttttttttttttttttttttttttttttttttttttttttttttttttttttttttttttttttttttttttttttttttttttttttttttttttttttttttttttttttttttttttttttttttttttttttttttttttttttttttttttttttttttttttttttttttttttttttttttttttttttttttttttttttttttttttttttttttttttttttttttttttttttttttttttttttttttttttttttttttttttttttttttttttttttttttttttttttttttttttttttttttttttttttttttttttttttttttttttttttttttttttttttttttttttttttttttttttttttttttttttttttttttttttttttttttttttttttttttttttttttttttttttttttttttttttttttttttttttttttttttttttttttttttttttttttttttttttttttttttttttttttttttttttttttttttttttttttttttttttttttttttttttttttttttttttttttttttttttttttttttttttttttttttttttttttttttttttttttttttttttttttttttttttttttttttttttttttttttttttttttttttttttttttttttttttttttttttttttttttttttttttghghghghgggggggggggggggggggggggggggggggggggggggggggggggggggggggggggggggggggggggggggggggggggggggggggggggggggggggggggggggggggggggggggggggggggggggggggggggggggggggggggggggggggggggggggggggggggggggggggggggggggggggggggggggggggggggggggggggggggggggggggggggggggggggggggggggggggggggggggggggggggggggggggggggggggggggggggggggggggggggggggggggggggggggggggggggggggggggggggggggggggggggggggggggggggggggggggggggggggggggggggggggggggggggggggggggggggggggggggggggggggggggggggggggggggggggggggggggggggggggggggggggggggggggggggggggggggggggggggggggggggggggggggggggggggggggggggggggggggggggggggggggggggggggggggggggggggggggggggggggggggggggggggggggggggggggggggggggggggggggggggggggggggggggggggggggggggggggggggggggggggggggggggggggggggggggggggggggggggggggggggggggggggggggggggggggggggggggggggggggggggggggggggggggggggggggggggggggtttttttttttttttttttttttttttttttttttttttttttttttttttttttttttttttttttttttttttttttttttttttttttttttttttttttttttttkkkkkkkkkkkkkkkkkkkkkkkkkkkkkkkkkkkkkkkkkkkkkkkkkkkkkkkkkkkkkkkkkkkkkkkkkkkkkkkkkkkkkkkkkkkkkkkkkkkkkkkkkkkkkkkkkkkkkkkkkkkkkkkkkkkkkkkkkkkkkkkkkkkkkkkkkkkkkkkkkkkkkkkkkkkkkkkkkkkkkkkkkkkkkkkkkkkkkkkkkkkkkkkkkkkkkkkkkkkkkkkkkkkkkkkkkkkkkkkkkkkkkkkkkkkkkkkkkkkkkkkkkkkkkkkkkkkkkkkkkkkkkkkkkkkkkkkkkkkkkkkkkkkkkkkkkkkkkkkkkkkkkkkkkkkkkkkkkkkkkkkkkkkkkkkkkkkkkkkkkkkkkkkkkkkkkkkkkkkkkkkkkkkkkkkkkkkkkkkkkkkkkkkkkkkkkkkkkkkkkkkkkkkkkkkkkkkkkkkkkkkkkkkkkkkkkkkkkkkkkkkkkkkkkkkkkkkkkkkkkkkkkkkkkkkkkkkkkkkkkkkkkkkkkkkkkkkkkkkkkkkkkkkkkkkkkkkkkkkkkkkkkkkkkkkkkkkkkkkkkkkkkkkkkkkkkkkkkkkkkkkkkkkkkkkkkkkkkkkkkkkkkkkkkkkkkkkkkkkkkkkkkkkkkkkkkkkkkkkkkkkkkkkkkkkkkkkkkkkkkkkkkkkkkkkkkkkkkkkkkkkkkkkkkkkkkkkkkkkkkkkkkkkkkkkkkkkkkkkkkkkkkkkkkkkkkkkkkkkkkkkkkkkkkkkkkkkkkkkkkkkkkkkkkkkkkkkkkkkkkkkkkkkkkkkkkkkkkkkkkkkkkkkkkkkkkkkkkkkkkkkkkkkkkkkkkkkkkkkkkkkkkkkkkkkkkkkkkkkkkkkkkkkkkkkkkkkkkkkkkkkkkkkkkkkkkkkkdddddddddddddddddddddddddddddddddddddddddddddddddddddddddddddddddddddddddddddddddddddddddddddddddddddddddddddddddddddddddddddddddddddddddddddddddddddddddddddddddddddddddddddddddddddddddddddddddddddddddddddddddddddddddddddddddddddddddddddddddddddddddddddddddddddddddddddddddddddddddddddddddddddddddddddddddddddddddddddddddddddddddddddddddddddddddddddddddddddddddddddddddddddddddddddddddddddddddddddddddddddddddddddddddddddddddddddddddddddddddddddddddddddddddddddddddddddddddddddddddddddddddddddddddddddddddddddddddddddddddddddddddddddddddddddddddddddddddddddddddddddddddddddddddddddddddddddddddddddddddddddddddddddddddddddddddddddddddddddddddddddddddddddddddddddddddddddddddddddddddddddddddddddddddddddddddddddddddddddddddddddddddddddddddddddddddddddddddddddddddddddddddddxxxxxxxxxxxxxxxxxxxxxxxxxxxxxxxxxxxxxxxxxxxxxxxxxxxxxxxxxxxxxxxxxxxxxxxxxxxxxxxxxxxxxxxxxxxxxxxxxxxxxxxxxxxxxxxxxxxxxxxxxxxxxxxxxxxxxxxxxxxxxxxxxxxxxxxxxxxxxxxxxxxxxxxxxxxxxxxxxxxxxxxxxxxxxxxxxxxxxxxxxxxxxxxxxxxxxxxxxxxxxxxxxxxxxxxxxxxxxxxxxxxxxxxxxxxxxxxxxxxxxxxxxxxxxxxxxxxxxxxxxxxxxxxxxxxxxxxxxxxxxxxxxxxxxxxxxxxxxxxxxxxxxxxxxxxxxxxxxxxxxxxxxxxxxxxxxxxxxxxxxxxxxxxxxxxxxxxxxxxxxxxxxxxxxxxxxxxxxxxxxxxxxxxxxxxxxxxxxxxxxxxxxxxxxxxxxxxxxxxxxxxxxxxxxxxxxxxxxxxxxxxxxxxxxxxxxxxxxxxxxxxxxxxxxxxxxxxxxxxxxxxxxxxxxxxxxxxxxxxxxxxxxxxxxxxxxxxxxxxxxxxxxxxxxxxxxxxxxxxxxxxxxxxxxxxxxxxxxxxxxxxxxxxxxxxxxxxxxxxxxxxxxxxxxxxxxxxxxxxxxxxxxxxxxxxxxxxxxxxxxxxxxxxxxxxxxxxxxxxxxxxxxxxxxxxxxxxxxxxxxxxxxxxxxxxxxxxxxxxxxxxxxxxxxxxxxxxxxxxxxxxxxxxxxxxxxxxxxxxxxxxxxxxxxxxxxxxxxxxxxxxxxxxxxxxxxxxxxvvvvvvvvvvvvvvvvvvvvvvvvvvvvvvvvvvvvvvvvvvvvvvvvvvvvvvvvvvvvvvvvvvvvvvvvvvvvvvvvvvvvvvvvvvvvvvvvvvvvvvvvvvvvvvvvvvvvvvvvvvvvvvvvvvvvvvvvvvvvvvvvvvvvvvvvvvvvvvvvvvvvvvvvvvvvvvvvvvvvvvvvvvvvvvvvvvvvvvvvvvvvvvvvvvvvvvvvvvvvvvvvvvvvvvvvvvvvvvvvvvvvvvvvvvvvvvvvvvvvvvvvvvvvvvvvvvvvvvvvvvvvvvv,yes
13347,  You are so full of yourself You are the epitome of why people leave wiki All you want to do is bitch and whine and complain rather than build content Youre too lazy to do that       Content is accurate If you know its not and you fight to keep it youre just a vandal  Maybe you can take time out to count your own insults and figure out if you really care And go away from my talk page   ,no
13397,The Boy Who Cried Wolf  logging onto enwiki to call Marine Le Pen an ugly bitch destroys all credibility,yes
13559,I cant identify any pic that is of her father from an image search I think it is a lack of verifiable evidence regarding her being mixed race that has prevented reporting it  neither the mainstream press nor us can say of course shes mixed race its obvious It wouldnt have been relevant regarding her trial a defendant being mixed race is not a valid defence to being accused of calling someone a black bitch which the court in any case didnt believe she did do,no
14092,    Hey you just welcomed yourself Thats kind of weird Anyway please refrain from removing content from Wikipedia as you did when you blanked TalkProstitution in India It is considered vandalism If you want to experiment please use the sandbox Also why did you readd that link to nigger disambiguation All it did was call that porn star a bitch and a nigger Also what is with this edit summary Im not sure who Prashanti is but if its another user keep in mind that personal attacks are against our no personal attacks policy Thank you   ,no
14362,Hillary Clinton then decided to drop the middle name Rodham because she is the biggest bitch this side of Wisconsin,yes
14909,   Semiprotected edit request on 29 March 2014     Please change The BitchAbdel Fattah Saeed Hussein Khalil ElSisi TO Field Marshal Abdel Fattah Saeed Hussein Khalil ElSisi  The bitch is not one of the Egyptian military ranks probably one of biased haters decided to add it as a childish act  httpwwwabcnetaunews20140128egypt27smilitarycouncilmeetstodecidesisi27spoliticala5221486  httpsenwikipediaorgwikiEgyptianArmyranks    ,no
15207, Media GALILEO SLEPT WITH HIS MOM  GAILEO SLEPT WITH HIS CHILDREN  GALILEO HAD 36 WIVES  GALILEO SUCKED HIS DADS BALLS  GALILEO IS A BITCH               Link title    Headline text ,yes
15454,you are a bitch noone likes you  also what do you do for a living,yes
16009,You are so smart I wish I culd be as smart as you You use so many big words Please teach me the art of bitch I do value your opinion,no
16315, 4 THA LAST FKN TIME BITCHEZ   DEY R NOT HEAVY METL DEY R HEAVY RAPwtagfrdzgwsd  U R ALL RACIST,yes
17365,shut the mutherfunkin up bitch azz niggaz,yes
17959,And the only edits I saw to Trina were you attempting to add a platinum certification for Da Baddest Bitch You didnt provide a source and RIAA shows they only certified it gold so Ive reverted that again â€”,no
18325,Piss off you little bitch,yes
18737, Alternative  Pop Culture Meaning   Cunt or Cee Unt  A percieved mysterious bitch that destroys everything  Whem calling someone this is a way of letting anyone know they are a cunt while censoring others around you in public or in social corners  A modern slang alerting other of the danger,yes
18918,but continuously readding an unsourced comment about her hearing shut up bitch  thats okay Summaries of YouTube videos are okay You describing Roesgen as not angry is okay Youre completely transparent,no
19373,Is not my problem  IÂ´m colombian and this bitch will die and I broke she jajajajaja,yes
19420,Yes youre being very rude but if you lack the manners to wait patiently until Dave posts or if after a week or so he hasnt responded place a polite message on his talk page to ask if hes seen this and politely request a response then at least have some tiny bit of courtesy for the rest of us who do not want to see you clutter up the page and have to wade through you bitching at Dave in order to find the posts with actual content trying to work out how to improve the article Right now youre just rude spam at one editor Stop it Its not polite and its against talk page guidelines Learn some patience and treat your fellow editors with respect,no
20016,Lets try some constructive critisim instead of out right bitching pleas,no
20559,PS He is ason of a bitch and he is also a gay pedofile He drinks his own piss and also mixes shit with his breakfast,yes
20621, Your Mother Bitch  Never heard of this demo Ive heard of the other 2 though  Also does anybody know tony or the wolfs last name If so please edit,yes
21155,As I said go bitch at that anomymous IP user  As far as I am concerned the correct use of asteroid in the first sentence is all I wanted and achieved dude     ,no
21672,hes innocent you DUMB BITCH INVESTIGATE,yes
23059,Yeah ever since the beef with 50 Em has been acting shady  Hes just not his genderbending Rolling Stone Lipstick Cover Self anymore you know what I mean  Honestly what pisses me off about that bitch is this think about this he has never not once promoted or introduced a white artist  What gives Em  I hereby challenge Eminem marshall mathers to a freestyle rap battle to take place on or before the date of May 1  Should he choose to ignore or refuse my offer I will destroy his career,no
23229, your mom    your mom was invented by god a lot of years ago later she was adopted by satan and was his motivation to invent the clock Your mom is considered a tool to most but to some she is a sex toy and usually a slut in the case where she is none then she is a bitch and will for sure burn in hell,yes
23407,Colective What Can You Lose Its a message to treelo elaich and dietlimecolaBitch preceding unsigned comment added by  at   ,yes
25319, Why are you such a Bitch   Why are you such a Bitch I mean look how you responded to thisWhy is the Carly Corinthos page blocked I have images below my contributions that I would like to share THey are now marked as orphaned Can you put them in 4 me Carly Fan 12 talk       No Pictures on pages are there for a reason and your pictures are just because you like Carly not for enhancement of the article And the page is blocked because people seem to think this is a fan site for Carly and dont understand its an encyclopedia KellyAna talk    You are awful You are like a little kid guarding and watching articles Its like its your way or the highway Get a life and quit being such a Cunt My goshwho in their right mind guards soap opera characters articles like this,yes
25336,Im just putting the Right sales bitch dont come at me,yes
25435,Juggernaut Bitch deleted   httpenwikipediaorgwindexphptitleSpecial3ALogtypedeleteuserpageTheJuggernautBitch  this link shows the article having been deleted because of this  httpenwikipediaorgwikiWikipediaArticlesfordeletionTheJuggernautBitch vote  However the consensus as you affurmed was keep   Why is the article deleted,no
25509,jaimeee and valerieee aree sooooooooooo coollll and your jelouss bitchesss,no
26215,bitch why are you deleting my shit,yes
28152,    There is no mention of the dog term in the article he stated that if someone were to search Bitch trying to find the dog term they would get the insult page    ,no
28280," YOU ARE RUDE   BACONISM IS REAL IT IS A RELIGION AND YOU ARE RACIALLY ABUSING ME I DONT GET WHY YOU DONT BELIVE ME Check this page bitchunitedchurchofbaconcom I hope I MEET YOU AND S 	  YOU    Love from eprincey",no
29616,of the biggest bitches on the universe,yes
29631,Comment  Thanks Bzuk For my part I noticed that one of my initial posts about the header whilst intended to be good natured and pithy could have come off as a bit snippy I thought you understood my noninterference in your many helpful edits in the text was total approval or whatever you know what I mean When we have the time and yeah things have maybe settled down a bit I hope we can further discuss my nitpicking bitchy concerns about the header  Gwen Gale   I can only say me too I wrote that stupid comment and your nomination for bad faith editing in haste and never intended to post it as you can tell by the mediocre spelling and typos there and hit post or save by accident I couldnt change it and immediately tried to post a new comment to try to be more civil and give you a truer indication of my attempt merely to expand on the first thing that a reader would see in looking at the life of a particularily interesting person  2219 24 January 2007 UTC  ,no
29785,  On a different note as far as I can tell none of the references indicate this block of text in anyway whatsoever Could someone please either provide a source that backs this or delete it  She was later accused of being overly critical of other contestants during her time at the Ponderosa resort she called fellow female contestant Sierra Dawn Thomas a bitch and was also deeply critical of Tyler Fredrickson At one point Fredrickson was so annoyed at Oskooi constantly trying to intervene and say something during his own personal interview that he had to stop and ask her to stop talking so that he could have his moment in front of the camera    ,no
29918,   YeaKevin is a bit annoying Lol i love Angelina she is so funny Chloe is irritating ehe She is annoying and nagging OMG noooLOL I love Genevieve The Abbott sisters as such bitches to her they are hypocrits  they act like Genevieve cheated or something They take business so seriously And by the looks of it Nikki and Jack are getting together eventually I love Victor lol I also think there is no need for Sharon to fall for Adam They never really fell out of love Ofcourse it will end in divorce all marriages in Soap World end in divorce unless one of them dies aha    ,no
30725,HE THEN TURNED IN A POSTIUTE AROUND THE CORNER OF ADAMS AND BROADWAY HE MAH BITCH NOW BWAH HA HA,yes
30894,  oh no im gonna get banned from wikipedia boo hoo please do not vandalise blahblahblah i see your lips moving but all i here it Me VSmith torturer of teenagers who served in vietnam as the platoon bitch is gonna report you uh oh have i been a bad girl or are you going to ban me some more well whateverFYOU MOTHER FCKER,yes
31419,word that says i hate our guts and get away from me bitch,yes
31736,My Rottweiller speyed bitch smiles has anyone else seen this in their dogs Her smiling has been witnessed by our family but also by many many people who she has become to trust Does anyone else see this in their dogs or is it just her I think other dogs may smile too please let me know A,no
31878, 10 January 2006 UTC  Truce ya little bitch      0236,yes
33674, bitch   bitch suck my balls,yes
35319, Cloverfield Monster   If we have a photo of the monster from the movie that isnt handdrawn or fanmade can we put it in the wiki Or is everyone going to bitch and complain most likely about the fact that it isnt fair use rationale or something     So cynical Well if it actually looks goodI mean how good can a photo of a silk screen lookâ€”  â€¢,yes
35738,Argh  We dont even link the Human rights in the United States article from the United States of America article  What are people supposed to use What links here everytime they read an article  Geez Ill go bitch about it     ,no
37113,As you know I checked received your message and your follow up I might respond to the second one although there might be no need for as I agree with you in the main part but would need to check the onWiki part to give a useful and valuable answer Im hooked up with real life issues and a certain Wiki articles talkpage as you know So please dont bitchslap me if you wont get an answer soon XD You sure understand As always best to you     ,no
37721,   Need help with user   Ive been having trouble with  that just defines possessiveness over articles If you edit a page no matter what it is hell revert you if its in his interest and when you try to speak to him about it he bitches at you with nearly anything he can perceive or even misperceive to make a Wikipedia guideline look as if its meaning something different to back him up all for the sake of him not just simply negotiating Ive tried several times to talk to him he always yells at me says my edits are disruptive or hes just says that he doesnt care and does it his way Even see some of the messages hes left me and the history for bands such as Suffocation Hes a real disruption can you talk to him because this is kind of ridiculous and I havent been the only user hes done this to â€¢  ,no
39241,yeah this is me ll e j i am a gambian i born 1991 dec 17 i start soporting in 2008 may 5 i love gambian music real is my i start to commen to my show an my videos in facebook that time in serekunda in 2009 i move there i go to b c centeral bien there with my family one day i sure king sir x on the bench he is doing nice thing there couse he is rapa i be his friend real we eneytime in the bench like hem top hip pop is starting by king sir x an bk city an mo hwak an vypa amie dibba st gambian dream du fee an me ll e j ha ha love hip love king sir x love black linx love on the bench we ar one heart from one blood we need more fans on the bench fiila gambian things   fter i start to writh song this is my first song   Yeah e j one man soljer rapin bc centaral ha ha hip pop on the bench nigger  chorus  King of bc is sir x everybody knows what he do Yeah King of bc is sir x everybody knows what he do King of bc is sir x everybody knows what he do Arha King of bc is sir x everybody knows what he do King of bc is sir x everybody knows what he do King of bc is sir x everybody knows what he do  Rap yeah king sir x you ar the one who tell me that nusic is the mistion every day an night I get to play music in my home some time when I play music my family will be comeplen will be comeplen ha ha music is my life everybody folow me lest fgo to club we gonna go down an stile king sir Some x is now give some disc dont give a shit that name you only one heat sir x my see dancen in club is my shit D J playing sir x chun oh is my game is my shit I do it like a king do I do my belen belen flow yo nigga lock at the me chang my flow like a king sir x ha music is my life everybody knows chorus  King of bc is sir x everybody knows what he do Yeah King of bc is sir x everybody knows what he do King of bc is sir x everybody knows what he do Arha King of bc is sir x everybody knows what he do King of bc is sir x everybody knows what he do King of bc is sir x everybody knows what he do  The Gambia music industry and show business in general have witnessed significant growth over the years  Despite the growth registered the industry has not reached a cherished and recognized level    The contention is that much more could be done to yield greater results and as well again the glory and patronage the music industry enjoyed in the 60s Open Mic Paradise FM  Basic Information  About Fiila Gambian Dream  Executive Producers  Abdou karim waagan Fye  Harona Drammeh  Presenters  Xmyls  Blacka Shine  Sub Presenters  Oumie Jawo  Binzy  Golly  DirectorEditor  Ousman Jarjue  EditorGraphics  Lamin jr Saine  FlxMan  Editor  Maimuna Manneh Fye  Camera  Muhammed Gomez  Sajar Daffeh  Mustapha Kinteh  after i start to go our show open mic every good frieday  after that i writh ar nother song yeah king sir x I get you hip pop one the bench is our on lest kip soporting fiila gambia black linx nigger forst to say wadup to e j nigga go to swath everybody asking me wa Am from the click bc centaral click bien fans I fix meny rock da bench we need money we need fans wa We blow in town right now bitches wanna konw you see our chang yo king sir x you always in the hood do your lil business Yo nigga I dont kear who you ar couse am in the hood call m unit if the money we make it bitches make them WA E j one man soljer hip pop on the bench me I say hip pop on the bench black linx nigga chorus King of bc is sir x everybody knows what he do Yeah King of bc is sir x everybody knows what he do King of bc is sir x everybody knows what he do Arha King of bc is sir x everybody knows what he do King of bc is sir x everybody knows what he do King of bc is sir x everybody knows what he do,no
39615, hi  penny arcade advice   Hi Mr Wikipediania  Just saw your removal of my Penny Arcade update Im new to wiki and think i now grasp why you removed it im wondering if it would be appropriate to instead say something like Bitch Dyke Faghag Whore was revived in London in 2012 for an extended run   Arcades page makes it sound like she has become inactive of late which is very much not the case so i wanted to correct this  Thanks a lot in advance  Aaron,no
40400,tonys balls itch and so do your bitch,yes
40808,  Im so infuriated right now I really dont know what to say  The comment in question is only laughable to the extent that people think its true  the humor here is a rueful chuckle of recognition the viral hook by which misogynistic bullshit perpetuates itself  and I can tell you right now that as a 20something woman I feel much less inclined to put time into Wikipedia knowing that members of the community endorse this douchery  Also considering the extent of gendered violence against women worldwide the wage gap c c its sheer idiocy to say that feminism won  and are you seriously resorting to the Some of my best friends belong to X marginalized group and agree with me therefore I am right argument  Seriously  Not all women have the same opinions Im flabbergasted that this actually needs saying and some including me will be alienated by this sort of remark  Saying that Woman sic are naturally bitchy is a nasty pernicious generalization and its doubly infuriating that by protesting this characterization Im playing right into it  Please bloody well consider what youre supporting and stand down   ,no
41228,BYE  IM NEVER COMING BACK AND YOU NINNYS CAN SQUIM AND BITCH ABOUT ANYTHING YOU WANT,no
41447, Headline text   Bold textBITCH CHRIS BROWN IS MYNE U HEARE ME ALL MINE BUY BITCHLUV U CHRIS BROWN,yes
42767,Suck ma ballz bitches,yes
43387,About user 24611571  Hi my name is Lisa I go by the ip address 24611571 Im a transexual bastard oops make that bitch  I used to be called Jack but I had a sex change and now my name is Lisa I had lesbian sex with John Kerry once that was after I became a woman I think Im smart but really I have about the IQ of a crack head such as John Kerry Wow did you know that the average human lets off 20 farts a day I let off about 86400 my friend who rapes me all the time says that thats one a second Wow Im way better than you I am now in a special school that means that Im special Im now learning how to poop Wow Im gay,yes
43897, Bitch Please   Woman please,yes
45040,hey bitch  Bold textdsdafItalic textLink title   Headline text MediaExampleoggInsert nonformatted text here REDIRECT Insert text  Insert nonformatted text hereREDIRECT Insert textREDIRECT Insert text,no
45050,You called  a BITCH on their user talk page  This is unacceptable  2000,yes
45150,   Just to be clear I hope you didnt read the above as implying that you did something wrong in any way all I was trying to say is politics is a bitch  ,yes
45957,Stop bein such a bitch just let your mangina hang low Maybe you should take roids to even it out with your high levels of estrogen Take that beotch,yes
46178,Do i care what u say absolutley not u bitch,yes
46296,YOUVE ALWASY BEEN A WORTHLESS LITTLE BITCH  I HEREBY AWARD THIS SCUMSTAR TO FIRESTARSCUMBAG EXTRAORDINAIRE,yes
46314,And thanks for reverting  Look we can bitch at each other laugh with each other agree sometimes and disagree others and you know I dont take it personal but ANI already has enough problems on a good day  I just try to keep it drama free for whoever gets dragged there  If you want to come here and bitch about SPI you might find me agree with several points but this is the right place to have that conversation not there  Thats all Im saying       Join WER,no
47054,  Haha weirdly i did like Blurred Lines at the beginning when no one knew it but later it became overrated I really hope Bitch Better Have My Money replaces the stupid Funk Its still 1 on iTunes however I am not sure how much airplay receives â€”  ,no
47634,   Door Bug   I dont own this game but apparently it has or had a door bug where in hard mode a certain door doesnt open urlhttpwwwyoutubecomwatchvnQr1AvIuGAY this YouTube video has over 100 people thumbs upping Thumbs up if that son of aï»¿ bitch door bug brang you here and pretty much all the other comments to the video appear to be about it I searched this Wikipedia article for bug and door and got no matches Maybe information about the door bug should be added to it its quite a big deal if a game like this has a major bug like that   ,no
47997,Preston and Steve Gay safe radio  Cookiecutter bullshit  Nothing but the same old shit every day  Kathy Romano is an annoying bitch  Anyone with any taste will listen to Kidd Chris mornings,yes
49167,Your post count has nothing to do with how cool you are on IRC bitch,yes
50451,Shut up bitch who kares wat war just read da plot and shut da fuk up,yes
51632,Stupid bitch,yes
53235, By the way the same user has posted repeatedly on the Fidel Castro page calling other users Bitches etc There is no more to be said this is a BLP,no
53905,  Speedy deletion of Bitch Slap Radio   A tag has been placed on Bitch Slap Radio requesting that it be speedily deleted from Wikipedia per CSD a7   Under the criteria for speedy deletion articles that do not meet basic Wikipedia criteria may be deleted at any time Please see the guidelines for what is generally accepted as an appropriate article and if you can indicate why the subject of this article is appropriate you may contest the tagging To do this add  on the top of the article and leave a note on the articles talk page explaining your position Please do not remove the speedy deletion tag yourself but dont hesitate to add information to the article that would confirm its subjects notability under the guidelines   If you think that this notice was placed here in error you may contest the deletion To do this add  on the top of the page just below the existing speedy deletion or db tag and leave a note on the pages talk page explaining your position Please do not remove the speedy deletion tag yourself  ,no
54092,Let us please hunt this bitch down and kill it like we should have been allowed to do with bernardo homolka and olsen,yes
54346,your giants fans bitches,yes
54533,centerSUCK THIS HAIRY COCK YOU BITCH,yes
54534,Oh bitch is gonna block me better move to the next house ah hahaha,yes
54657,  Bitch Im Madonna  Would you kickstart this one I think its high time seeing this â€”    ,yes
54658,REDIRECT TalkDa Baddest Bitch II Reloaded,no
54795, HUH   I DIDNT VANDALISE DAT PAGE CHECK ME EDITS BITCH,yes
55373,Sauskesan what up bitches,yes
58136,I Can design of Wikipedia we are copy things from the web Today You Son of Bitch,yes
61142,hey hate your page love your colors hate you so bit of bitch,yes
61839,  Disrespectful  I have her picture on my nighttable and I pray to her visage every night before going to bed that she will save my soul  I live for the day that her icy cream will fill the nooks and crannies of my mouth like so much butter on a stillwarm English muffin  However despite my abject faith in her she dont get a Wikipedia article  Lifes a bitch sometimes Â Â  ,yes
62452, You asked a YesNo question Dont bitch if you get such an answer  Unity just like GNOME Shell has been written from scratch Both dont even have desktop icons in their current form,yes
62918,meow bitching this seems abit POV,yes
63125,Hello you little bitch its me WCGSBoy and all of your friends and yourself should stay well away from me or face harsh consequences,yes
63445,Please stop creating pages to call people bitches and listing these people on bitch These edits are considered vandalism If you continue you will be blocked from editing Wikipedia  ,no
64769, bitch   your a bitch,yes
66059,Understood Just explaining that I was not willing to do a restore The frustrated bitching just made me feel better about it,no
67616,So you are making the claim that hes notable outside of his book Could you provide some details to substantiate that rather than just bitching about SA,no
67720,bgcolorlightgreenBorn This Way  Lady Gaga  8  7  5  6  7  33    RocÃ­o Guirao DÃ­az  Sexy Bitch  David Guetta  10  8  9  9  10  46    Zaira Nara  Music  Madonna  8  8  6  10  8  40    Denise Dumas  Toxic  Britney Spear  9  7  7  7  8  38    Coki RamÃ­rez  Sex Bomb  Gary White  10  9  6  9  9  43    Silvina Luna  Firework  Katty Perry  9  8  8  8  6  39    Vanina Escudero  Gimme More  Britney Spear  8  7  6  10  10  41    MÃ³nica Farro  My Humps  The Black Eyed Peas  8  8  5  9  7  37    bgcolorLightgreenNicole Neumann  bgcolorlightgreenSingle Ladies  Beyonce  7  7  4  6  7  31    Eugenia Lemos  Dont Stop the Music  Rihanna  9  8  3  7  7  34    Luciana Salazar  Sorry  Madonna  10  10  6  8  9  43    Adabel Guerrero  Cant Get you out of my Head  Kylie Minogue  8  9  7  9  9  42    MÃ³nica Listorti  Womanizer  Britney Spear  10  10  7  5  9  41,no
67915,Give me my chocolate bitches,no
68152, Hes George Bushs bitch   Nuff said if you idiots in America wanna keep bitching about Geroge W dont put this idiot in power too,yes
68398,Thats My Bitch  This track is in no way confirmed for the album  ,yes
68465,Barbara Boxer and armenian lies  This senator is a soldout discusting politician who have several times chosen the political interests and armenian fascist diaspora issues over the national interests of USA She is indeed a bitch politician People voting for her are stupids   She has lost all her impartiality and now displays fascist and racist attitude and hater towards Turks Azerbaijanis and Muslims in the world All her activity is designed to spur and increase American hater  to Turks and Muslims This is not a woman this is a fascist armenian sold bitch devil politician   ,no
70550,Give me my chocolate bitches,yes
70926, SOK  Down the Well Feat Pelican Funder Thunder and Mr Vandal   Intro  Pelican  RAP   Throw that guy down the well   Show that guy you just love hell   There is a city around me   I know sometimes who likes to pee  Verse 1  SOK  SINGING   Go down town I smell gay   And I have a lot of bills to pay   I can bounce I can trounce   I can catch the fastest mouse  I see sty garbage men   They dont smell good but since when   Since when did they smell bad   Those crazy guy makes me mad  Hook  SOK  SINGING   Throw the bitch down the well   Throw the bitch down the well   He will make a nasty smell   Throw the bitch down the well  Throw the bitch down the well   Throw the bitch down the well   Throw him down the nasty well   Throw the bitch down the well  Verse 2  Pelican  RAP   What the fk is with the bash   I got money a pocket full of cash   My jewel is a candle predicts the future   Shove down the girl you can mute her  Blow out the candle dont go fast   Or he will hurt you youll get the cast   Dont figure crap I know how to rap   And once I rap he will snap  Hook  SOK  SINGING  Verse 3  Funder Thunder  RAP   They call me Thunder I cannot die   Ill beat him up I will survive   I will begin I will go sing   I know how to shove his head into a ring  He annoys SOK that goddarn thing   He makes me wanna blow his ears and make me wanna scream and sing   I can go flying Ill turn it up   But maybe all this is a bit much  Hook  SOK  SINGING  Bridge  Mr Vandal  SINGING   So throw him down now now now now now   So throw him down now now now now now   So throw him down now now now now now   Yeah throw him down down down down down   Yeeeeeeeeeeeeeeeeeaaaaaaaaaaaaaaaaahhhhhhhhhhhhhh  Hook  SOK  SINGING  Outro  Mr Vandal  SINGING   Hah Thank you SOK,yes
71116, Missing certification   as of August 18 Bitch Better Have My Money is officially GOLD in Denmark,no
71358,Samar is from delran He is in 11th grade Brandon is this bitch,yes
72002,I am also a huge slut I have nothing better to do then to bitch about random wiki articles Please kill me,yes
72272,What we need is a cool box a page where people can go abd bitch it out get it out of their system then come back to earth And then the box content would be perm deleted,no
72330,Sandy What a bitch,yes
73043,   Removed content feminist b   I removed this twice so far  Women should avoid labeling their male partners as chauvinist pigs unless their male partners are truely derogatory towards women The loose application of the term chauvinist pig may highly offend a nonchauvinist male and put the female in bad light It may even cause the female appear to be an overbearing feminist bitch  This content is not encyclopedic It reads as advice and isnt sourced It doesnt help the reader understand the term any better Any insult or pejoritive falls under this so the information isnt unique either This content needs to be refined and sourced if to have a chance at all in the article Please explain these changes more here before editing further Thanks ,no
73227,david cameoron was a ugly fat bitch,yes
73232,Wow that was a bigger bitch than I thought it would be D You can check my move log if you have any question about where they wound up though I kept the namings all as logical as possible Let me know if I missed anything,yes
74324, find someone else to close the current RfC I cant handle the bitching ,no
75407,So do it instead of bitching about it,no
75668,If you fidn this page then    GO TO THELL BITCH ,yes
75946,  I just love her the only straight I am is straight up bitchok so you think we should leave it lesbian or should it be bi since she dated guys Or should we chalk that up to being in the closet I actually have to head to work right now for 12 hours but Ill see your response when I get back Ill support what ever you do   ,yes
76353, bitchy player   he hit me when he lost a game,no
76962,   LOL yeah fail xD I just looked on eBay better off getting it on her site Some bitch is selling the deluxe debut for 400 oO â„¥Â· ,no
77032,and people thought that she was a bitch,yes
77070, Sourced material   Who else agrees that the Victoria Nuland is a bitch,yes
77787,  This is not the place to bitch about who you think should or should not have won Please do not delete this comment again please instead read WikipediaNOTFORUM We do not care about the opinions of a man who just screams about who should have won and that everyone else who disagrees is a noob or dummy   ,no
77935,Guys pleaseâ€¦ come on This guy is a comedian and a fine one in my opinion not a hate monger Comedy is a form of art take it as is Why do people waste energy bitching about stuff like this Iâ€™ll never know,no
78143, Featured article   and todays featured article is some useless bitch white boy shud be called whitepedia mothafkn white bitchz we have obama WE HAVE OBAMA GOIN DOWN,yes
78287, Yo   Come at me as starship9000 bitch,no
78812,Bloody hell Hell in a Bucket David Tombe and Brews ohare your lives must really be shallow if you spend time bitching about Wikipedia Go forth and find a new hobby  flower arranging or something Jeez Where is that rolling eyes emoticon when you need it  Jon,no
79070,Gamespot has a special feature about it  including the infamous make you his bitch piece   ,yes
79664,   Obscene and offensive language next to the name   I am new to this but I needed to make this known anyway I could  The words DEEZ NUTS IN YO FACE BITCH  have been written next to Thomas S Monsons full name in bold  What is the purpose of putting this phrase How can I submit a correction to this,no
79889,I think there should be some mention of how he went on a date with a total bitch httpgizmodocom5833787mybriefokcupidaffairwithaworldchampionmagicthegatheringplayer,yes
79989,RU A NAZI U FAT BITCH BRING IT ON LETS WIKIBATTLE,yes
81070,ICE CUBE he is a cool person but he needs to make his raping better All he needs is another good track and he is a fat bitch that stupid fagget,yes
81711,noncriticism section  since this all seems to be bitching and complaints and gossip I added a nonbitching section I have met the German party They are exposing Felix Rohatyn as a Nazi It seems this is an international exposure Why is there a nazi behind the Democratic party Is the USA going facist,no
82022,    Headline text   hahaha bitchesBLOW ME ,no
83133,Ive removed that statement since I recall having seen that several times  typically during early morning  Dont remember seeing it much before midnight though but I definitely have seen it  I distinctly remember buggeration Twicenightlys slobknocks or something similar and one of the guys from Scrubs launching into a tirade ending in something like bitch  head  I would try watching the link but its just not working for me   talk back   ,no
83439,What you have to say doesnt care  Are you more concerned with the violation of copyright or with that bitch,yes
83811, Contested deletion   This page should not be speedy deleted because     cause its legit BITCH,no
83986,It would be a BLP violation to accuse Hilton of engaging in hate speech in article space  In article talk space its probably within the bounds of acceptability  to do it in the course of reasonable ontopic discussion  However it is not hate speech by a long shot  Calling women bitches when one is upset or wishes to provoke is simple sexism which is a long way from hate speech  Is there any argument that Hilton was doing any more than using a sexist expletive towards someone he considered homophobic  Repeating the claim again and again all over the encyclopedia is soapboxing and it is not leading to productive discussion  We get the idea its a bad thing to say  The real question is whether its of due weight and suitably relevant to Prejeans notability  Normally people calling each other names is not so noteworthy  Whats the argument that it is  ,no
85838,are you a bitch,yes
85941,   Lol   For the amount of times you claim Im bitchingI can only presume you took it personally Moreove I came to this page in an attempt to lear about Erik Buell but I know enough to recognize adoration and not mistake it as objectivity,no
86012,Bitch shuddup Casey Talbot sucks,yes
87120,  balance  This page has one sentence about the basic definition of the word and a huge amount about the slangprofane uses Perhaps the former should be extended is there no information about female dogs available beyond their name This is an encyclopaedia not a dictionary     i feel that whoever is looking this definition up is very appropiate and should be deleted from wikipediaIMMEDIATLY this word is used very often and is also a very mean word i belive that is majorly true very much so okay so the good meaning is a female dog  BITCH   â€”Preceding unsigned comment added by   â€¢     etymology  The word bitch is from the Old Norse Bikkjuna meaning female of the dog of unknown origin Grimm derives the Old Norse words from Lapp Pittja But OED notes that the converse is equally possible  The adj Bitchy was first seen in 1925   The verb meaning to complain in 1930  Slang Bitchen good is attested to the 1950s   reclaiming the word bitch   The word bitch is actually only offencive in American and Canadian English In most other English variants bitch maintains its correct definition  female canine People have argued that bitch is different because it is used as an insult  but so is pig dog cow and others These are not considered profane so why is bitch As far as I am concerned there is nothing to reclaim as bitch simply means a female canine  It may be used as a pejorative or descriptor  that does not make it a profanity      It should definately say something about Kyle Vanderweilen and all his bitchin Is there any particular evidence of women reclaiming the word bitch in the 90s Can anyone point to articles on this etc The song is definitely interesting and belongs here but doesnt actually reclaim the word bitch any more than it reclaims the word sinner  Also I dont really understand the last paragraph and it sucks  I was going to try and clear it up but I realized I dont know what it means Can someone point to a source that lays out the argument about bitches fertility and patriarchy more clearly   We dont need articles at all as I there are definitely enough examples even outside of the 90s Missy Elliot cleary and repeatedly reclaims the word for instance Shes a Bitch    References are fine  just the name Missy Elliot got me to find a quote of a rolling stone review that mentioned reclaiming the word In fact if some one knows more about her it might be interesting to add a section on her work and on how it relates to womenslurs more generally within hiphop    How relevant is this reclamation It seems to me poison for a woman to use an epithet which still strongly connotes despised traits I dont see how using a word connoting querolous spiteful and malicious can be empowering But I dont know lifes a bitch    It stems from a reaction to the prevalence of tagging any woman who doesnt adhere to a certain standard of femininity as a bitch To use a literary example in the novel The Handmaids Tale the narrator related the feeling that whenever she outsmarted a man she could almost hear him calling her a bitch in his mind even her own husband     That literary reaction you recited is jealousy men have names for other men who outsmart them too but not having a word like bitch for them they have to resort to a greater variety of pejoritive epithets Though you havent been specific I think that standard of femininity you referred to is a pretext for subordination which both sexes often strive to impose on the other but men have traditionally had more power Because it is such a popular epithet in slang the connotations of bitch are diffuse though still commonly pernicious I think bitch in itself is not chiefly a denunciation to punish women who do not conform to that standard but rather a contemptuous word often used for it  However I still dont see the point of reclamation for if bitch were purged of contem,no
87134,Mary was basicsaly a bitch right,yes
87203, LOCK THIS PAGE so that only registered users can edit it   Sure it may not be a high target for vandalism but vandalism of this article could hurt people  Lucid dreaming is something anyone can ATTEMPT after reading this article and if someone added some vandalized false information then people might attempt to use the false information if this was their first time reading the article  Its not that hard to sign up for wikipedia so the anonymous people have nothing to bitch about,no
87417,I love you you sexy bitch,yes
88663,i hate black poeplemia coleman is a bitchhhhhhhhhhhhhhhhhhhhhhhhhhhhhhhhhhhhhhhhh and she wish she could run track knowing clearly that she cant hahahahahahahahah try to look 4 me muthaafuqckersxxxx,yes
89357,YOU SUCK YOU LYING SACK OF SHIT DIE YOU BASTARD YOU ARE BRIANWASHING SONOFA BITCH  YOU SUCK YOU LYING SACK OF SHIT DIE YOU BASTARD YOU ARE BRIANWASHING SONOFA BITCH  YOU SUCK YOU LYING SACK OF SHIT DIE YOU BASTARD YOU ARE BRIANWASHING SONOFA BITCH,yes
89708,nigga bitch holez lol,yes
90338,hi all you bitchs i can edit any thing i want i am LADY GAGA   it is nice to say APRIL FOOLS,yes
90533,Hi public  Bmozoncom is a Fack site they never deliver any goods they will take money but once you the payment they will block u from Skype and Email  yahoo Public please dont make any payment or trust this site they will say that you can keep this chat as a proof but dont trust them i have been cheated 4000 USD I dont want my friends to be cheated like me if any one who been cheated they can share the comments  The Agent who Cheated me is Ada dont trust that bitch  her email id is bmozon1gmailcom  Skype ID  bmozon1  Thanks   Arul jothi,no
90812,  Quoting a source that says Turner is an uppity little bitch doesnt mean that the Wikipedia community is calling him an uppity little bitch  It has nothing to do with who doesnt like Hal Turner or not or whether hes an uppity little bitch or not its just a quote   ,no
91773,to whom this mayconcern SPIN ON ITSPIN ON MY MEATBITCH DONT MAKE ME TELL YOU AGAINILL BEAT YOUGET ON MY MEAT,yes
91779, Birthday for the umpteenth time   Yes I know that using Twitter as a source is a bit weird but I hope that we can close the issue once and for all now    Dizzee Rascal 18 Sep 2012 Thank you for all your birthday messages   Dizzee Rascal 18 Sep 2013 Its my Birthday bitches Thank you for all your messages and to my fans thanks for the supportâ€¦    Dizzee Rascal 1 Oct 2014 Thanks for all the birthday shouts My birthday was sept 18th I turned 30 but Im happy to except any money u wanna send Serious lol   I guess that should be enough evidence that Dizzees day of birth was the 1st of October 1984,no
91922,   Cookie Monster eating vegetables   Cookie Monster eating vegetables Outrageous Cookie Monster will eventually snap Just wait and see Cookies are a sometimes food NOT IF YOURE A BLUE GOOGLYEYED COOKIE MONSTER Cookie Monster will go postal just like the rest of this insane world I feel so bad for him Hes my hero and hes forced to become a bitch Look at how fake he acts in interviews How long will he be able to keep up with this miserable facade,no
92530,  Your accusations are virtually groundless They are not the worst band that has ever existed since that is a PERSONAL OPINION that has no place in a damned encyclopedia Secondly theyre not Satanists Satanism implies the belief in and worshipping of either the Christian entity of Satan the views and morales of LaVeyen Satanists or the various hodgepodge cults that refer to themselves as Satanists Anal Cunt do not fit either of these descriptions and are thus not Satanists They already tried to delete this article once it failed So get down off your pompous throne and accept the fact that the world is not as pretty and wholesome as you think We need offensive culture in order to develope our own opinions Without offensive rebellion we would not have the great works of art nor the cultural monuments we have And while Anal Cunt are certainly no work of art theyre a credible musical group with an impressive discography and we should not chastise them on the basis of their lyrical content I find overtly Christian bands who encourage violence against nonChrisitans offensive but do you see me running around bitching about it NO So shut up and go eat some Prozac or something,no
92583, You little son of a bitch   You little son of a bitch,yes
93935,  Hello  My name is Maxine and something interesting caught my attention The word Bitch is noted and considered an insult by your standards Bitch InsultenwikipediaorgwikiBitchinsult which I agree with 100 However I noticed that the word Nigger enwikipediaorgwikiNiggerâ€Ž is not Even though in your definition it states it as an ethnic slur So is an ethnic slur not an insult and or considered as such As well as I am very curious on the process and who determines if a word here is an insult or not   To me the word Nigger is an insult In days of slavery the term Nigger Bitch was a common  used practice to describe Black Women Is this not derogatory and insulting I would think the word should look like this on your site Nigger Insult As it is even against the law to refer to someone as such today   I am very interested in your input regarding this matter Thank you  Sincerely  Maxine A Moncrieffe      10212013,no
95274,bitch got that laser,yes
96434,   stylewidth300px fontsize7pt textaligncenter margin auto   rowspan2 stylewidth120px  Prose   stylewidth120px  Citations   Archive     colspan2  AKA proses bitch     stylebackgroundcolor FED1A0  Â    stylebackgroundcolor FED1A0  Â    stylebackgroundcolor FED1A0  Â      stylebackgroundcolor FED1A0  Â    stylebackgroundcolor FED1A0  Â    stylebackgroundcolor FED1A0  Â      stylebackgroundcolor FED1A0  Â    stylebackgroundcolor FED1A0  Â    stylebackgroundcolor FED1A0  Â      stylebackgroundcolor FED1A0  Â    stylebackgroundcolor FED1A0  Â    stylebackgroundcolor FED1A0  Â      stylebackgroundcolor FED1A0  Â    stylebackgroundcolor FED1A0  Â    stylebackgroundcolor FED1A0  Â      stylebackgroundcolor FED1A0  Â    stylebackgroundcolor FED1A0  Â    stylebackgroundcolor FED1A0  Â      stylebackgroundcolor FED1A0  Â    stylebackgroundcolor FED1A0  Â    stylebackgroundcolor FED1A0  Â      colspan3      ,no
96470,    y taking off clothesfeeling hotstupid bitch  your father here,yes
96702,Everybody hates the economy why bitch why Im goin to boston sex is a good thing POOOOOOOOOOOOP SOURCE RGMS ALEX NEWBOLD,yes
96720,What about Al Capone bitches,yes
97172, Me   I EAT  MY BOOGIES AND MY NAMES BOOGER HEAD BITCHES,yes
97597, 29 April 2015 UTC  Holy moly When you run out of food for those animals youre in real trouble Which reminds me I need to get both chicken and cat food If I dont the cat will end up as chicken food no doubt Those bitches Poppy and Pigeon totally run the joint even the dog is scared of them   1422,no
98128,  I wouldnt bitch about the length Theres still every possibility you could get indeffed  ,no
98645,Hey bitch stop reverting my edits I was just about to add the source,yes
98768,More unconfirmed songs were added uncited Please remove Bitch Im Madonna Centuries Fergalicious Hideaway Magalenha Mickey and the aforementioned songs The socalled leaks are confirmed to be faked JapanYoshi   ,no
99101,  You arent discussing youre bitching about each other   ,no
99720,THIS WOMAN IS SUCH A BITCH AND DONT DELETE THIS THIS IS A DISCUSION PAGE AND I AM DISCUSING MY VIEWS,yes
100181,In Australia the promos are just srarting and it there calling it GOOD CHRISTIAN BITCHES,no
100572, Re Request for copyeditreview or payback is a bitch   I will take Start Rek for 200 David  Set up the peer review and I will try to run it through images too during the weekend,no
101225,REDIRECT TalkBitch insultArchive 1,yes
102097,Shut up tide rolls alabama sucks like your grandmother used to put her lips around kunts and suck the kum out and shallow it phaggot i have no life i got rejected nvr ben laid bitchc,yes
102793, Hey Bitch   Hey Amanda Me not much jus chillin 2 R u still wit Terrence jus Askin Peace Out Himeskillet Homeys For Lyfe Me N YouPeace Out,no
103251,Wat do u mean Tell Skinerbutt8 That BITCH that i said to get away from ur computer She is not a bitch though,yes
103517,   A barnstar for you    stylebackgroundcolor fdffe7 border 1px solid fceb92  rowspan2 styleverticalalign middle padding 5px    stylefontsize xlarge padding 3px 3px 0 3px height 15em  The Original Barnstar    styleverticalalign middle padding 3px  Well I really dont know what to award you this for whether for your edits to the articles of queen of pop or for the one who is a free bitch baby Youre a great contributor and I hope to see so many good quality articles from you     ,no
103660,She was such a bitch i hateher for what she did,yes
104492,Oheix do you have any sources for the Bitch turtle article ,no
104677,spsmack my bitch up smack my bitch up smack my bitch up smack my bitch up smack my bitch up smack my bitch up smack my bitch up smack my bitch up smack my bitch up smack my bitch up smack my bitch up smack my bitch up smack my bitch up smack my bitch up smack my bitch up smack my bitch up smack my bitch up smack my bitch up smack my bitch up smack my bitch up smack my bitch up smack my bitch up smack my bitch upan,yes
105217,  Dont bitch here Go bitch at FIBA Wed only follow them If we dont follow them whod we follow â€“ ,yes
105431,U SON OF A BITCH SELENA DID SING THAT SONG IF SHE BECAME A SINGER SHE WILL BE FINE U IDIOT,yes
105479,is a big fat douchebag bitch   April 2006   Please refrain from adding nonsense to Wikipedia as you did to Canaanite religion It is considered vandalism If you would like to experiment use the sandbox,yes
106018,YOU SUCK YOU LYING SACK OF SHIT DIE YOU BASTARD YOU ARE BRIANWASHING SONOFA BITCH  YOU SUCK YOU LYING SACK OF SHIT DIE YOU BASTARD YOU ARE BRIANWASHING SONOFA BITCH  YOU SUCK YOU LYING SACK OF SHIT DIE YOU BASTARD YOU ARE BRIANWASHING SONOFA BITCHYOU SUCK YOU LYING SACK OF SHIT DIE YOU BASTARD YOU ARE BRIANWASHING SONOFA BITCH  YOU SUCK YOU LYING SACK OF SHIT DIE YOU BASTARD YOU ARE BRIANWASHING SONOFA BITCH  YOU SUCK YOU LYING SACK OF SHIT DIE YOU BASTARD YOU ARE BRIANWASHING SONOFA BITCHYOU SUCK YOU LYING SACK OF SHIT DIE YOU BASTARD YOU ARE BRIANWASHING SONOFA BITCH  YOU SUCK YOU LYING SACK OF SHIT DIE YOU BASTARD YOU ARE BRIANWASHING SONOFA BITCH  YOU SUCK YOU LYING SACK OF SHIT DIE YOU BASTARD YOU ARE BRIANWASHING SONOFA BITCHYOU SUCK YOU LYING SACK OF SHIT DIE YOU BASTARD YOU ARE BRIANWASHING SONOFA BITCH  YOU SUCK YOU LYING SACK OF SHIT DIE YOU BASTARD YOU ARE BRIANWASHING SONOFA BITCH  YOU SUCK YOU LYING SACK OF SHIT DIE YOU BASTARD YOU ARE BRIANWASHING SONOFA BITCHYOU SUCK YOU LYING SACK OF SHIT DIE YOU BASTARD YOU ARE BRIANWASHING SONOFA BITCH  YOU SUCK YOU LYING SACK OF SHIT DIE YOU BASTARD YOU ARE BRIANWASHING SONOFA BITCH  YOU SUCK YOU LYING SACK OF SHIT DIE YOU BASTARD YOU ARE BRIANWASHING SONOFA BITCHYOU SUCK YOU LYING SACK OF SHIT DIE YOU BASTARD YOU ARE BRIANWASHING SONOFA BITCH  YOU SUCK YOU LYING SACK OF SHIT DIE YOU BASTARD YOU ARE BRIANWASHING SONOFA BITCH  YOU SUCK YOU LYING SACK OF SHIT DIE YOU BASTARD YOU ARE BRIANWASHING SONOFA BITCHYOU SUCK YOU LYING SACK OF SHIT DIE YOU BASTARD YOU ARE BRIANWASHING SONOFA BITCH  YOU SUCK YOU LYING SACK OF SHIT DIE YOU BASTARD YOU ARE BRIANWASHING SONOFA BITCH  YOU SUCK YOU LYING SACK OF SHIT DIE YOU BASTARD YOU ARE BRIANWASHING SONOFA BITCHYOU SUCK YOU LYING SACK OF SHIT DIE YOU BASTARD YOU ARE BRIANWASHING SONOFA BITCH  YOU SUCK YOU LYING SACK OF SHIT DIE YOU BASTARD YOU ARE BRIANWASHING SONOFA BITCH  YOU SUCK YOU LYING SACK OF SHIT DIE YOU BASTARD YOU ARE BRIANWASHING SONOFA BITCH,yes
106524,  WikipediaArticles for deletionBitch Music  You didnt finish this nomination I finished it for you  and his otters â€¢ â€¢Otter chirps ,no
107566, But it wasnt a bitch it was a trout Theyre so much softer and squishier  ,yes
108561,  I dont even have to click on your link OM to know what your bitching about  Ive decided to vote for Bob Barr Mainly because his Wikipedia article isnt so damn frustrating  Based on that alone I feel hed make a good Leader of the Free World     ,no
109321,Yeah I am watching the repeat on Comedy Central RIGHT NOW 355 PM EDT 27OCT2008 and she is obviously lipsyncing Who does this bitch think she is,yes
109699,tommy y dont u suk my fat dik u bitch,yes
109800,Being a casual and highly amused observer may I make a suggestion to Hellinabucket Brewsohare Mr Tombe and others  Find another hobby  There are more worthwhile things to do with your life than bitching over Wikipedia Jon,no
110729,And then you doctored your post to try to make it appear you had tried to do so  Wholesale text reversions without bothering to explain nasty temper tantrums bitchiness personal attacks disingenuous reediting of the talk page for your benefit  Tsk tsk tsk  All that is bad enough for the lowly lumpen but for an admin  Shame on you  wagging finger p,no
110898,  If only the article were about Israeli bitching about the rest of the world calling the territories it is occupying the occupied territories and not the occupied territories themselves this would all be tremendous Why not go and write a POV article about how were all wrong to call the territories occupied and leave this one for the facts about the occupation  ,no
111743,1 is male he is plain and although oddnumerically is good 1 and 2 are in a relationship but they are both young 2 is a very good number morally and is mature for her age She is nice and helpful 3 is a bitch she is selfish 3 loves 4 4 is popular socially 3 and 4 only get along romantically in a superficial way 2 and 4 were meant for eachother They have a somewhat secret relationship 5 is like 4s mom 5 despite being odd is a very good number She is happy 6 loves 5 romantically and gets along well with 4 and 2 6 is ok I dont like 7 he is indecisive 7 also likes 5 and despite his friendship with 6 would go behind 6s back to be with 5 8 is married to 9 but they are bad for eachother they make 17 which is a dumb number 9 is overpowering and thinks that he is in charge I think of 9 like I think of a cop who has a superiority complex no one likes him I dont like 9 because when he is added to any other number he takes one away ie 9514 9716 He is the son of 10 10 is the best number He is good and caring He is like the grandfather of the numbers When a number is added to him he doesnt take anything away from that number ie 51015 81018 He is like God   I think I developed this to help me do math Instead of having to figure it all out manually I just feel an emotion,no
112602,Okcome with the proof of Paravar as toddy tappersAny author of some other caste can write any thing bad about other casteStop saying that paravar as low casteCome and say this at Tuthukudy to any paravarif you are bold enoughWe have sangam literaturesScholarly researchesneutral researchers like PTSrinivasa IyengarNSubhramanian and Hugh Nevil and other stone and copper plate inscriptions to prove our regalityAsk about Paravars to Kondayam kottai Maravarswho were the protectors of Pandya kingdomThevars respect only the Paravars equalent to themDont speak rubbish of Paravarswith out knowing anythingCome and speak argue with your real name and caste nameDont be cowardice as a bitch to make sound with out expressing your identityCome with your Fking proofs,yes
112989,In general I prefer one mediumsized article over numerous small or tiny articles  I think it provides more accessible information to Wikipedias readers  So just on editorial grounds I would disagree with creating a third article of limited content Stitch  Bitch Cafe when there already exist two highly related articles Stitch n Bitch and Sew Fast Sew Easy           ,no
114991,bitch i go on gaia its a good wwebsite wwwgaiaonlinecomyou will love it you make up a caractor,no
115068,THANK GOD THAT BITCH IS DEAD,yes
115383,No mre need to bitch and whine about the TLC Match I just saw it on WWEcom,no
115455,Thatâ€™s the bitch about love isnâ€™t it When the other person feels the same way itâ€™s the most pure beautiful spiritual thing in the world But when the EXACT same feelings of obsession and adoration arenâ€™t reciprocated thereâ€™s nothing more dark horrible and evil that you can feel,no
116699, Wazup   Im Thomas Blood Bitches,yes
118235,bitchs are fat peoplecurrent,yes
119030,  Thanks for explaining  Maybe Ill pitch a bitch about the use of NRM in such contexts when I get more time and see what happens   ,no
119138,Hey Truth be told Im a mysandric PMSing fking bitch with a snarling caffeine addiction but thanks for the kind words anyway I can dream Looky Someone says Im upbeat ,yes
120790,GANDHI IS A BITCH,yes
121885,Cool Although I doubt theres much I can do to help let me know if there is If nothing else Im happy to utilize cluesticks on people who bitch you out for the changes,no
123851,Also Juggalo Rydas Bitch IS NOT A REAL STREET GANG it is a injoke from Anybody Killas Hatchet Warrior album,no
124001,suk my dik bitches ,yes
124436,   Auld Bitch   Thats what that statue was called by locals at the time and we use the floozie in the jacuzzi and tart with the cart nicknames in the article so personally I cant see why we cant use the Auld Bitch one However nobody has adressed my antique talk page question about wheter the statue is in Sydney or in Victoria  eg Melbourne   ,no
124477, Listen you son of a bitch   Dont go after my work in which Ive lost months just to put boxes Dont delete information about episodes just because it cant look like IMDb Your luck is that I just dont know who you are or you would see And yes I did personal attacks and violate some shit thats what people do when sons of bitches have more protection against personal attacks than people that work against people who destroy others work Now if you want you can go and cry to an Administrator,yes
125963, Ta   Thanks for your action on my userpage and such  there are a few people who are allowed to call me a bitch and get away with it but not generally on WP,no
126384,bitches be like hey can i get your number,yes
126423,  Xoloz you were chastised for recusing yourself  Unreal  You do the ethical thing and someone bitches for vague policy reasons  Again unreal  Ill clarify my vote   ,no
127364,RE JUST LIFELESS FORMS DESIGNED FOR MALE PLEASURE BITCH MAKE ME A SANDWICH,yes
127840,bitch bitch bitch bitch bitch bitch bitch bitch bitch bitch bitch bitch bitch bitch bitch bitch bitch bitch bitch bitch bitch bitch bitch bitch bitch bitch bitch bitch bitch bitch bitch bitch bitch bitch bitch bitch bitch bitch bitch bitch bitch bitch bitch bitch bitch bitch bitch bitch bitch bitch bitch bitch bitch bitch bitch bitch bitch bitch bitch bitch bitch bitch bitch bitch bitch bitch bitch bitch bitch bitch bitch bitch bitch bitch bitch bitch bitch bitch bitch bitch bitch bitch bitch bitch bitch bitch bitch bitch bitch bitch bitch bitch bitch bitch bitch bitch bitch bitch bitch bitch bitch bitch bitch bitch bitch bitch bitch bitch bitch bitch bitch bitch bitch bitch bitch bitch bitch bitch bitch bitch bitch bitch bitch bitch bitch bitch bitch bitch bitch bitch bitch bitch bitch bitch bitch bitch bitch bitch bitch bitch bitch bitch bitch bitch bitch bitch bitch bitch bitch bitch bitch bitch bitch bitch bitch bitch bitch bitch bitch bitch bitch bitch bitch bitch bitch bitch bitch bitch bitch bitch bitch bitch bitch bitch bitch bitch bitch bitch bitch bitch bitch bitch bitch bitch bitch bitch bitch bitch bitch bitch bitch bitch bitch bitch bitch bitch bitch bitch bitch bitch bitch bitch bitch bitch bitch bitch bitch bitch bitch bitch bitch bitch bitch bitch bitch bitch bitch bitch bitch bitch bitch bitch bitch bitch bitch bitch bitch bitch bitch bitch bitch bitch bitch bitch bitch bitch bitch bitch bitch bitch bitch bitch bitch bitch bitch bitch bitch bitch bitch bitch bitch bitch bitch bitch bitch bitch bitch bitch bitch bitch bitch,yes
128632,Well I dont like to say Ill school you if you like sigh although Im a whole new bitch when it comes to musical correctness than what you might have be used to,no
129304, Who gots the green stuff   Foreal nigga  hit me upp if you get the big load bitch,yes
129975,  Hope that bitch knows what the hell shes doing Britneys song is already breaking records albeit being a generic song Its amazing how strong her fanbase is still Hope Gagas fanbase has grown likewise â€”   ,yes
130169,  This was not vandalism but I can see why you might think it was Originally it explained that this scene took place while Ben Stillers character is high on heroin While the movie is primarily about heroin addiction this particular scene is Ben Stillers first experience with Crack Originally it said he was high on heroin which is incorrect the character was high on crack He is also just getting out of an NA meeting so its clear that he hasnt done heroin so it would be incorrect to say he is high on heroin and crack He is only high on crack and I changed the Wikipedia entry to reflect this This is the only change I made  The characters smoke crack in an empty building and get particularly amped up and throw themselves repeatedly at the window to the soundtrack of Smack my Bitch Up,no
130457,i aint neva sign my shit cuz im cool keep signing it for me bitch,yes
131944, Hello Utcursh   Hi thanks for ur messageI have no intrest in entertaining Sarvagnya whatsoeverSo for me its let bygones be bygonesAsk Saravagnya to stop bitching and badmouthing against me which hes still doingLet me again request u to see Belgaon talk page about the tall claims of him of being civil and me being incivil  But let me request u one more thingplz take back that sentence about me being a more troublemakerI am here for justice its very harsh and biased statement against meI am anything but a vandaliserI just want to make sure that MaharashtraMarathi related articles are no defamedAnd yeah PLEASE DONT FORGET TO KEEP A CLOSE LOOK ON MY AND SARVAGNYAS EDITSIts a earnest requestPlz take it very seriouslyI hope u will find a verify the contents of Seuna through a informed editor  Plz convey Sarvagnya on my behalf that I am not even intrested in talking terms with him so forget about quarrelsIf he doesnt provoke me and do anything wrong in MaharashtraMarathi related article we might not even confront each other againAnd of course since u r a part of our feud its my earnest request again to keep a watch on my and sarvagnyas editsFrom this moment I am civil with everyone here and mute with sarvagnya and his friends,no
132162, 27 September 2015 UTC  Youre the one who introduced Bosco bitch   0733,no
132502, April 2015 UTC  We could write A rape on campus is a totally bullshit article written by one lying bitch solely on the word of another lying bitch that almost got a bunch of innocent frat boys murdered in cold blood but by the grace of god it was mathematically proven to impossible at the p0000000001 level But I would prefer not to See my reply to JHamilton303 above   0002 9,yes
133325, def jam 4     you think you so bad little man do it again bitch,yes
133401,i hate mccain his is a bitch and has sex with me,yes
133588,Great companion dogs is accurate but has a positive spin  My grandmother had a bichon bitch The bitch would literally follow people around all the time  Good thing bichons are small if a lab did that one would get  hit with a tail and the lab would have to move in order for one to get by  She could not be left alone Literally would howl  until people came That is why my grandmother couldnt leave her at her traile to go to a store  The bichon was so  in need of constant attention that she howled for three contst hours with a person up stairs,no
134264, I have a suggestion   Why dont we start another article that can be accessed from the See Also link at the bottom of the page or possibly referenced by a link somewhere in the main article that would lead to an article that covers all of the theories and opinions from the MichaelkilledTerriandboughtthejudiciary school  Both the Project Apollo and Earth articles have similar separate pages to cover the Flat Earth theories and Apollo moon landing hoax accusations and they are the perfect analog to the dichotomy we are seeing in the talk page concerning the Terri Schiavo article  In the main article we would pretty much follow what we already have which is mostly supported by cites to court orders affidavits transcripts reports and articles and in the subsidiary article we could lay out all the alternative theories and whatever support they can provide  That way the antiTerri people could advance their POV that Michael must have killed Terri because Judge Greer has the same first name as Attorney Felos or whatever their theory is The rest of us who attempt to practice NPOV we all have a POVâ€”the trick is to try and minimize it can polish up the article and eliminate some of the convoluted narrative that POV pushers have forced us to contrive   Note that the comments on the peer review page have found the article to be generally quite NPOV The suggestions that were made were primarily form and not more or less POV     If you think my pages are conspiracy theories then put them at that link Here are some links you may find helpful Duck  httpenwikipediaorgwikiTalkTerriSchiavoarchive24Herearesomelinksthatyoumayfindhelpful    Holy crap There is a major difference between putting up a flatearth conspiracy article on wikipedia and a MichaelkilledTerriandboughtthejudiciary conspiracy article on wikipedia that youre forgetting Wikipedia cant get sued for libeldefamation for saying the earth is flat but it can get sued for saying Michael murdered Terri At some point the Iyer affidavit has to be tossed out as utter crap Wikipedia should report it as Iyers POV but wikipedia should also report all the surrounding pieces around it that show a complete lack of any supporting evidence To allow wikipedia to start reporting on every crackpot conspiracy theory that any jerkoff puts on his blog is 1 asking for serious legal trouble and 2 giving credence to utter crap conspiracy theories Any idiot with a blog can put his conspiracy theory on his blog Wikipedia can add nothing to that other than to give such a blog free advertising I also imagine that every single sentence will have to start with the phrase so and so said followed by a URL If so and so said is ever dropped wikipedia becomes open to libel At which point the only safe way to report some crackpot conspiracy theory on wikipedia would be to quote the site verbatim and you might as well let people find it on their own when they google Michael murdered Terri This is a really really bad idea    Your personal attacks are very tiresome Duckecho  FuelWagon  If you want a flatearther type conspiracy article then it should be about those who think that Terris mother father brother sister best friend etc who fought to save her life were AntiTerri rather than the estranged husband who she had wanted to divorce and who sought her death and forbade that she receive any kind of meaningful therapy for more than a dozen years and who was quoted in sworn testimony by a disinterested caregiver as complaining in her presence when is that bitch gonna die  If you want a flatearther type conspiracy article then it should be about those who actually claim to believe that literally dozens of physicians nurses nurse family members and friends most of whom had no plausible motive for dishonesty conspired to lie about Terris condition falsely claiming that she was responsive that she tried to talk that she ate and obviously enjoyed Jell,no
134915,williams is son of a bitch,yes
134918,  Sweet bitch   ,yes
135108,BITCH YOUR MOM IS A WHORE,yes
135351,SHE IS A BITCH OK   SHE IS A BITCH OK   SHE IS A BITCH OK   SHE IS A BITCH OK   SHE IS A BITCH OK   SHE IS A BITCH OK   SHE IS A BITCH OK   SHE IS A BITCH OK   SHE IS A BITCH OK   SHE IS A BITCH OK   SHE IS A BITCH OK   SHE IS A BITCH OK   SHE IS A BITCH OK   SHE IS A BITCH OK   SHE IS A BITCH OK   SHE IS A BITCH OK   SHE IS A BITCH OK   SHE IS A BITCH OK   SHE IS A BITCH OK   SHE IS A BITCH OK   SHE IS A BITCH OK   SHE IS A BITCH OK   SHE IS A BITCH OK   SHE IS A BITCH OK   SHE IS A BITCH OK   SHE IS A BITCH OK   SHE IS A BITCH OK   SHE IS A BITCH OK   SHE IS A BITCH OK   SHE IS A BITCH OK   SHE IS A BITCH OK   SHE IS A BITCH OK   SHE IS A BITCH OK   SHE IS A BITCH OK   SHE IS A BITCH OK   SHE IS A BITCH OK   SHE IS A BITCH OK   SHE IS A BITCH OK   SHE IS A BITCH OK   SHE IS A BITCH OK   SHE IS A BITCH OK   SHE IS A BITCH OK   SHE IS A BITCH OK   SHE IS A BITCH OK   SHE IS A BITCH OK   SHE IS A BITCH OK   SHE IS A BITCH OK   SHE IS A BITCH OK   SHE IS A BITCH OK   SHE IS A BITCH OK   SHE IS A BITCH OK   SHE IS A BITCH OK   SHE IS A BITCH OK   SHE IS A BITCH OK   SHE IS A BITCH OK   SHE IS A BITCH OK   SHE IS A BITCH OK   SHE IS A BITCH OK   SHE IS A BITCH OK   SHE IS A BITCH OK   SHE IS A BITCH OK   SHE IS A BITCH OK   SHE IS A BITCH OK   SHE IS A BITCH OK   SHE IS A BITCH OK   SHE IS A BITCH OK   SHE IS A BITCH OK,yes
135487, Ive been called an Islamofascist bitch a Bengali and a Zionist enforcer and now Im a corrupter of the truth Cool,yes
135629,You son of a bitch1111111,yes
135756, Cross referencing or lack therof will be a royal bitch so it will take time to get everything checked and cited,yes
137668,  It is I dont understand the point of all that bitching on Pariss talk page why dont those whore interested just roll up their sleeves and get on with the job of improving the article   ,no
141096, Mariah Carey   Im sorry but Im not the only person using this pc I didnt vandalize Mariah Carey article Sorry2014319123    It happens  Best thing to do is create yourself an account so you can have a separate identity  though Im not sure calling Mariah Carey a bitch is vandalism per se  more an opinion ,no
141322,  Cameroon Ancestry Falsehoods  Unfortunately  a lot of one drop rule bloggers have started an unsubstantiated rumor that CL is African and has Cameroonian ancestry His own statement about race via a racist incident was published May 8th 2012 in the Sunday Scotsman  One day he was out with a friend â€œin leopard with high heelsâ€ who was halfSpanish halfVietnamese Louboutin who â€œwas going to pee my pantsâ€ used a restaurant toilet  â€œThe staff went crazyâ€ he tells me â€œOne guy grabbed my friend by her hair and started calling her a little bitch I took my fist to him and he screamed â€˜Donâ€™t you dare touch a white guy or Iâ€™ll crush your nose even more flat than it isâ€™â€ I wasnâ€™t in a black or mixed race family so I had no experience of racism But still I was differentâ€ He was so young at the time What did he do â€œFor a few days I wanted to go back there and kill themâ€ he admits â€œI was full of angerâ€  Please refrain from tagging someone as Black or any race they are NOT unless you have documentation   ,yes
141818,   SolidarityIsForWhiteWomen   Came late to the discussion missed this whole thing at AfD Just have to point out that 1 this has already been a longrunning item it has certainly outlasted far more news cycles than some articles I could mention Mitt Romney dog incident anyone And 2 dont a lot of people talk about this who arent Black Slash arent part of Black Twitter I mean is Black Twitter the same as nonWhite Twitter A lot of nonBlack tweeps of color got in on this hashtag And the Guardian article cited in the SolidarityIsForWhiteWomen section doesnt use the phrase Black Twitter BTW heres another article from a mainstream source which doesnt use the phrase either So I probably would support this topic having a standalone article and maybe it can get one back later as more coverage emerges Short of that might this topic belong instead or hey also at an article about critiques of white feminism such as Womanism or Thirdwave feminism or IDK maybe Im totally out of line here what do other folks think about this    PS More coverage why doesnt this get its own article again Ms Magazine HuffPo The Wire Clutch Magazine Bitch Magazine Saloncom nowhere near an exhaustive list 3   ,no
142935,Now dance tard dance  Do the Mario bitch,yes
143588,and math i hate so mush is for bitches and wat is math,yes
143642,This doesnt seem to have a NPOV at all I doubt calling Bellevue High School a bunch of cheating sons of bitches is up to wikipedias standards either,yes
143659, Semiprotected edit request on 10 August 2015           Germany is a mother fuucker nation German people are mother fuucker people German nation is a nation of diick German people son of bitches females bitches ugly ugly people in the world German males haandjobs,yes
143880, riise   Go to hell bitch are u priod why do u think im wrong pussyhahbitch,yes
143898,when the hell was it confirmed that sabu will go for the world heavey weight title a one night stand if it does happen then thanks for the spoilers bitchs,yes
144488,Bleddy bitch,yes
144760, I have their CD and thats why Im 100 sure that the two  ARE included Im not blind u know I can clearly see them right before my very own eyes It says 1 CRYIN LIKE A BITCH and nothing else,no
145912, example   Shut up mazafaka  You squeeze it neega  Fak you beehatch  Whoz a beehatch njogga  Go phugg yurself dik ape  Got sum problemos there chingchong  Bitch down mountain gorilla,yes
146124, July 2011 UTC  A  You might srsly be surprised how man normal people not young webhead techie wikicrowd editors but normal readers do not know to click on the photo or do not do it routinely  B  Some websites give a bigger pic when you click on an image  Some do not  It is by no means universal for that to happen  C  Clicking sux  I want to incorporate info as fast and efficient as I can  D  Doesnt help if the page is printed  Ps  That said your MP review was bitchin     0216 12,no
146315,holelstn u sunava bitch shag ur mumWelcome,yes
146560,STOP BITCHING AND STOP DELETING MY HARD WORK,no
146651,I Like Rape  I like raping bitches because it feels so good I take em anyway I can  ,yes
147487,GOD DAMN YOU GOD DAMN YOUR CROSS AND YOUR FILTHY CABAL All Christians are children of the same bitch All of them are descendants of the same WHORE Few months ago they were all heavily engaged in propagating the myth of the alleged Armenian genocide The filthy cabal of Christian admins here and their meat puppets didnt save an effort propagating an event that never took place They used the todays feature picture the todays featured article and other fields  methods to propagate the myth  Today as Hiroshima marks the 70th anniversary of the US terroristic atomic bombing the most evil disgusting and immoral terroristic attack in the modern history one can see nothing about this WAR CRIME in the main page  So I felt that there is indeed a need to say this to the cabal GOD DAMN YOU  ,yes
147638,Others believe that Hitler had many problems with his brain which seemed inconclusive after he charged the queen calling her a backstabbing bitch with a whisker up her vagina  Strange comments like these continued throughout his life,no
148314,hot bitch  this chick is hot,yes
149309,   Listen you son of a bitch   Dont go after my work in which Ive lost months just to put boxes Dont delete information about episodes just because it cant look like IMDb Your luck is that I just dont know who you are or you would see And yes I did personal attacks and violate some shit thats what people do when sons of bitches have more protection against personal attacks than people that work against people who destroy others work Now if you want you can go and cry to an Administrator How can you expect people not to be angry and to be civil when theyre work is destroyed      You deleted things that Ive added even after you make your precious little boxes you even deleted links to pages that dont exist for now but most likely will be created in the future to have them now you even took the tiles when titles must have them mandatorily you even took the  from episodes titles another mandatory procedure that if is allowed means that names of episodes arent supposed to be deleted like you do and all that just because I didnt agree with you Ive made personal attacks I thought the problem was just with the box and the reverse chronology Do you even know how much Ive wasted for this crapp And boxes arent mandatory You even deleted links to pages with the subjective reason of red links look oh so horrible I hope it will be you and not me who is going to check everytime if the movies already have an article and add it to every dozens of pages that have blanks This just shows how much of a son of a bitch you are      You know what You do the job Im sick and tired of this scumbag people I wonbt make any more contribution to anything else film or television related I didnt do it for subhumans like you I did it for information and for the sake of the actors themselves but enough is enough Oh I do a useful job some articles need filmographies then dont ruin them much less under the cover of conveying info better whatever that might be since again nothing makes us use boxes but I wont do that job anymore you do it I wont let you explore my contributions and my time In fact Ill even difficult it for you Wikipedia is a shit and so are you guys who work on it we dont need this site anything worthy we can just copy and past to IMDb to be more complete IMDb IS more complete specially now theyre creating pages for characters and as I said you cant handle that You say its not credible but guess what one day it will be and then it will be the best database on films while wikipedia wont be anything Wikipedia will just be a secondary source to complete IMDb Wikipedia is the not credible one exactly because of people like you Check this out wwwindependentieopinionanalysisliesdamnedliesandthewickednessofwikipedia1388050html Enjoy it And go ahead and delete my account I cant wait for it Im sick of having to check every retarded message you people post in my page If it gets deleted it gets permanently blanked      Then go ahead and block me Its really what I want   ,no
149560,How is that more appropriate At all Like even a little bit Why would it be How do you determine the appropriateness of this  Good lord How does one get to make etymological findings Word go in book Word go in dictionary You cant prove an opinion one way or another It was always negative Slovenly  UglyRubbish  garbage can Sluthole which was a 19th century term for garbage all of that can easily be transformed metonymysynecdoche into how we use it Indeed the concept of dishevelment is as related to loose as anything and sex tends to make one disheveled Both terms begin the etymology game a single degree of Kevin Bacon from what we have And by the way you need to fill in the gap between bitch applying primarily to women rather than dogs to make this leap which you didnt do there  ,no
150297,   JoLEE     You bitch Well just kidding Anyway I just thought Id let you know that you officially get BERAD Sloppy seconds JK again Like I said you can have im cuz Im DONE Bai    ,no
150783,You Are so CHILDISH You BITCH,yes
151194,  Sooo I think Ive gone as far as I can with Frazer Rosie and Wills articles I wasnt sure if you were going work on Pepper or not so I left it for now Along the way I came across these two references Metro Inside Soap Nominations 2007 and LiverpoolEcho Inside Soap Awards 2008 as we include award nominations Its Reception Mania Archiving would be good good news is there are not seperate links bad news or good a load of characters were put up for awards for stoylines bitches couples actors that will take us a while to add them Harold Janae Karl and Susan get the most noms so finally a little more reception for them I wonder who was nomminated in 2009 and 2010 LOL  ,no
151413,Im a little BITCHHelloThereMinions    Anything above this text is true,yes
151507,that nigga who deleted my shit is a bitch nigga,yes
151559,  Did Obama call a political opponent a cancer and a bitch or laugh out loud when someone else did   ,yes
151594, He was a philanthropist   Ha ha ha ha ha ha ha  This son of a bitch founded an oil company which supplied Wehrmacht with fuel  Rockefellers are pure evil they are everything but philanthropists,no
151641,Vandalisers like 2 dolla hoes   BITCH BITCH BITCH BITCH BITCH,yes
151644, SLUT   I hope you get breast cancer you vile little piece of pelican shit You slutty teenage bitch,yes
152141,Shes a little self obssessed and self righteous bitch thats all I think  Me,yes
152757,dude you are all bitches you sit there and police some gay website that cant isnt even viable information because of people like you guys thanks for making the world a better place Conche tu madre,yes
